name,extinction_year,location,scientific_name
Schwertstör,2022,,Psephurus gladius
Tristrams Specht,2017,,Dryocopus javensis richardsi
Bramble-Cay-Mosaikschwanzratte,2016,Bramble Cay,Melomys rubicola
St.-Helena-Olivenbaum,2016,,Nesiota elliptica
Weihnachtsinsel-Zwergfledermaus,2009,Weihnachtsinsel,Pipistrellus murrayi
Saudi-Gazelle,2008,,Gazella saudiya
Westliches Spitzmaulnashorn,2006,Kamerun,Diceros bicornis longipes
Chinesischer Flussdelfin,2002,China,Lipotes vexillifer
Pernambuco-Zwergkauz,2001,Pernambuco,Glaucidium mooreorum
Pyrenäensteinbock,2000,Spanien,Capra pyrenaica pyrenaica
Säbelantilope,2000,,Oryx dammah
Chihuahua-Wiesenwühlmaus,1998,Ojo Galeana,Microtus pennsylvanicus chihuahuensis
Norfolkinsel-Kuckuckskauz,1996,Norfolkinsel,Ninox novaezelandeae undulata
Annamitisches Pustelschwein,1995,,Sus bucculentus
Sansibar-Leopard,1991,Sansibar,Panthera pardus adersi
Atitlántaucher,1989,,Podilymbus gigas
Maui-Akepakleidervogel,1988,Maui,Loxops ochraceus
Guadalupe-Karakara,1988,,Caracara lutosa
Schwarze Strandammer,1987,Florida,Ammodramus maritimus nigrescens
Schuppenkehlmoho,1987,,Moho braccatus
Aldabrabuschsänger,1986,,Nesillas aldabrana
Japanischer Fischotter,1979,Shikoku,Lutra nippon
Andentaucher,1979,,Podiceps andinus
Miss Waldrons Roter Stummelaffe,1978,Ghana und Elfenbeinküste,Piliocolobus waldronae
Guam-Flughund,1974,Guam,Pteropus tokudae
Japanischer Seelöwe,1974,Takeshima,Zalophus japonicus
Kaspischer Tiger,1972,Iran,Panthera tigris virgata
Cheesman-Lamellenzahnratte,1968,Äthiopien,Otomys cheesmani
Kleiner Kaninchennasenbeutler,1967,Australien,Macrotis leucura
Große Neuseelandfledermaus,1967,Stewart Island,Mystacina robusta
Barbados-Waschbär,1964,Barbados,Procyon lotor gloveralleni
Mexikanischer Grizzlybär,1964,Mexiko,Ursus arctos nelsoni
Tacoma-Taschenratte,1962,Washington,Thomomys mazama tocomensis
Zentralaustralisches Hasenkänguru,1960,Australien,Lagorchestes asomatus
Candango-Maulwurfsmaus,1960,,Juscelinomys candango
Ponce-de-Leon-Küstenmaus,1959,Ponce de Leon,Peromyscus polionotus decoloratus
Mondnagelkänguru,1956,Australien,Onychogalea lunata
Blaugraue Maus,1956,Australien,Pseudomys glaucus
Sherman-Kurzschwanzspitzmaus,1955,Lee County,Blarina shermani
Ilin-Borkenratte,1953,Ilin,Crateromys paulus
Karibische Mönchsrobbe,1952,,Monachus tropicalis
Jemen-Gazelle,1951,Jemen,Gazella bilkis
Jaraquiel-Sittich,1949,Kolumbien,Pyrrhura subandina
Dangs-Riesenhörnchen,1945,Surat Dangs,Ratufa indica dealbata
Wüsten-Langnasenbeutler,1943,,Perameles eremiana
Davidshirsch,1939,,Elaphurus davidianus
Chadwick-Beach-Baumwollmaus,1938,Florida,Peromyscus gossypinus restrictus
Schomburgk-Hirsch,1938,Thailand,Rucervus schomburgki
Östliches Irmawallaby,1937,Australien,Macropus greyi
Balitiger,1937,Bali,Panthera tigris balica
Beutelwolf,1936,,Thylacinus cynocephalus
Nacktbrustkänguru,1935,Australien,Caloprymnus campestris
Kleine Häschenratte,1933,Australien,Leporillus apicalis
Ash-Meadows-Wühlmaus,1933,Ash Meadows,Microtus montanus nevadensis
Coronados-Buschratte,1931,,Neotoma bunkeri
Pemberton-Hirschmaus,1931,,Peromyscus pembertoni
Stützbeutler,1930,Australien,Chaeropus ecaudatus
Gould-Maus,1930,,Pseudomys gouldii
Darwin-Reisratte,1930,,Nesoryzomys darwini
Äthiopische Wassermaus,1927,Äthiopien,Nilopegamys plumbeus
Bergwisent,1927,Kaukasus,Bison bonasus caucasicus
Syrischer Halbesel,1927,Syrien,Equus hemionus hemippus
Kenia-Bleichböckchen,1925,Mount Kenia,Ourebia ourebi kenyae
Berberlöwe,1922,Marokko,Panthera leo leo
Kalifornischer Grizzlybär,1922,Kalifornien,Ursus arctos californicus
Wandertaube,1914,,Ectopistes migratorius
Südwestlicher Langnasenbeutler,1910,King George,Perameles myosuros
Tarpan,1909,,Equus ferus ferus
Honshū-Wolf,1905,Honshū,Canis lupus hodophilax
Madeira-Ringeltaube,1904,Madeira,Columba palumbus maderensis
Weihnachtsinsel-Ratte,1903,Weihnachtsinsel,Rattus nativitatis
Maclear-Ratte,1903,Weihnachtsinsel,Rattus macleari
Martinique-Riesenreisratte,1902,Martinique,Megalomys desmarestii
Langschwanz-Hüpfmaus,1901,,Notomys longicaudatus
Gull-Wiesenwühlmaus,1898,Great Gull Island,Microtus pennsylvanicus nesophilus
Nelson-Reisratte,1897,María Madre,Oryzomys nelsoni
Kurzschwanz-Hüpfmaus,1896,Australien,Notomys amplus
Seenerz,1894,New Brunswick,Neogale macrodon
Portugiesischer Steinbock,1892,Portugal,Capra pyrenaica lusitanica
Östliches Hasenkänguru,1890,Australien,Lagorchestes leporides
Furchenzahn-Waldmaus,1890,Togo,Leimarcomys buettneri
Lord-Howe-Großohrfledermaus,1889,Lord-Howe-Insel,Nyctophilus howensis
Hokkaidō-Wolf,1889,Hokkaidō,Canis lupus hattai
Kaiserriesenratte,1888,Guadalcanal,Uromys imperator
Guadalcanal-Riesenratte,1888,Guadalcanal,Uromys porculus
Quagga,1883,Oranje-Freistaat,Equus quagga quagga
Saint-Lucia-Riesenreisratte,1881,Saint Lucia,Megalomys luciae
Falklandfuchs,1876,Falklandinseln,Dusicyon australis
Breitkopfkänguru,1875,Australien,Potorous platyops
Kleiner Palau-Flughund,1874,Palau-Inseln,Pteropus pilosus
Weichhaar-Flughund,1874,,Pteropus pilosus
Atlasbär,1870,Atlasgebirge von Marokko bis Libyen,Ursus arctos crowtheri
Kaplöwe,1865,Kap-Provinz,Panthera leo melanochaitus
Kleiner Maskarenen-Flughund,1864,Réunion und Mauritius,Pteropus subniger
Rauchgrauer Flughund,1864,,Pteropus subniger
Percy-Island-Flughund,1859,Percy Island,Pteropus brunneus
Südlicher Langnasenbeutler,1857,Australien,Perameles notina
Kleiner Samoa-Flughund,1856,Upolu,Pteropus allenorum
Langohr-Australienmaus,1850,Australien,Pseudomys auritus
Brillenkormoran,1850,,Urile perspicillatus
Darling-Downs-Hüpfmaus,1846,,Notomys mordax
Weißfußkaninchenratte,1845,Australien,Conilurus albipes
Mitra-Hufeisennase,1844,Bihar,Rhinolophus mitratus
Großohrhüpfmaus,1843,,Notomys macrotis
Großer Samoa-Flughund,1840,Samoa,Pteropus coxi
Singapur-Bartfledermaus,1840,Singapur,Kerivoula oreias
Breitwangen-Hüpfmaus,1800,,Notomys robustus
Blaubock,1800,,Hippotragus leucophaeus
Algerische Gazelle,1800,,Eudorcas rufina
Wisent,1790,Karpaten,Bison bonasus hungarorum
Sardischer Pfeifhase,1774,Korsika und Sardinien,Prolagus sardus
Jamaika-Affe,1769,Jamaika,Xenothrix mcgregori
Stellers Seekuh,1768,Beringinsel und Kupferinsel,Hydrodamalis gigas
Cayman-Karibikspitzmaus,1700,Grand Cayman und Cayman Brac,Nesophontes hemicingulus
Dodo,1662,,Raphus cucullatus
Riesenfossa,1658,Madagaskar,Cryptoprocta spelea
Auerochse,1627,Polen,Bos primigenius
Bermuda-Krabbenreiher,1623,,Nyctanassa carcinocatactes
Barbuda-Riesenreisratte,1600,Barbuda,Megalomys audreyae
Ascension-Nachtreiher,1555,,Nycticorax olsoni
Mohuy,1546,Hispaniola,Brotomys voratus
Veloz-Zaguti,1540,,Plagiodontia ipnaeum
Fernando-de-Noronha-Ratte,1503,,Noronhomys vespuccii
Puerto-Rico-Karibikspitzmaus,1500,Puerto Rico,Nesophontes edithae
Atalaya-Karibikspitzmaus,1500,Hispaniola,Nesophontes hypomicrus
Große Kuba-Karibikspitzmaus,1500,Kuba,Nesophontes major
Kleine Kuba-Karibikspitzmaus,1500,Kuba,Nesophontes micrus
Saint-Michel-Karibikspitzmaus,1500,Hispaniola,Nesophontes paramicrus
Haiti-Karibikspitzmaus,1500,Hispaniola,Nesophontes zamicrus
Marcano-Schlitzrüssler,1500,Hispaniola,Solenodon marcanoi
Oriente-Höhlenratte,1500,Kuba,Boromys offella
Torre-Höhlenratte,1500,Kuba,Boromys torrei
Puerto-Rico-Höhlenstachelratte,1500,Puerto Rico und Vieques,Heteropsomys insulans
Bühler-Timor-Ratte,1500,Timor,Coryphomys buehleri
Musser-Timor-Ratte,1500,Timor,Coryphomys musseri
Peru-Viscacha,1500,Cusco,Lagostomus crassus
Moa,1500,,Dinornithiformes
Karibische Spitzmäuse,1500,,Nesophontes
Nullarbor-Bürstenkänguru,1500,,Bettongia pusilla
Haastadler,1400,,Harpagornis moorei
